source,dest,connections
J. Wang,Z. Wang,45
J. Wang,Z. Yang,37
J. Wang,Y. Zhang,26
Z. Wang,Y. Zhang,26
J. Wang,J. Wang,24
M. Patel,J. Wang,23
J. Wang,L. Zhang,22
L. Sun,J. Wang,22
J. Wang,Y. Wang,22
Y. Wang,Z. Wang,22
J. Wang,X. Wang,21
X. Wang,Z. Wang,20
L. Sun,Y. Zhang,19
Z. Wang,Z. Yang,19
C. Chen,J. Wang,19
J. Wang,Y. Zheng,18
J. Wang,H. Wu,18
Z. Yang,Y. Zhang,17
Z. Yang,L. Zhang,16
L. Zhang,Y. Zhang,16
L. Sun,Z. Wang,16
Y. Wang,Y. Zhang,16
Z. Wang,L. Zhang,16
K. Liu,Y. Zhang,16
K. Liu,H. Zhang,16
K. Liu,X. Liu,16
X. Liu,H. Zhang,16
X. Liu,Y. Zhang,16
M. Patel,Z. Yang,16
X. Wang,Y. Wang,15
Z. Wang,Y. Zheng,15
L. Sun,Z. Yang,15
K. Liu,J. Zhang,14
K. L. Li,Y. Zhang,14
X. Wang,Y. Zhang,14
K. L. Li,X. Liu,14
K. L. Li,K. Liu,14
K. L. Li,H. Zhang,14
H. Zhang,Y. Zhang,14
Y. Xu,Y. Zhang,13
K. Liu,Z. Wang,13
K. L. Li,Y. Xu,13
J. Zhang,Y. Zhang,13
K. L. Li,J. Zhang,12
K. Liu,Y. Xu,12
L. Sun,Y. Wang,12
J. Wang,Y. Yang,12
X. Liu,J. Zhang,12
K. Smith,J. Wang,12
H. Pham,J. Wang,12
